Overlap,Adhesive,Film_thickness,Cores
30,DP490,0.1,28
60,DP490,0.1,28
30,DP490,0.35,28
60,DP490,0.35,28
45,DP490,0.225,28
23.7867965644036,DP490,0.225,28
66.2132034355964,DP490,0.225,28
45,DP490,0.0482233047033631,28
45,DP490,0.401776695296637,28
45,DP490,0.225,28
